[
  {
    "name": "雪 Distance" ,
    "album": "Uniconfication" ,
    "cover": "http://p4.music.126.net/cGTKkFl5qcXIDYPo7PrmDA==/109951168431655039.jpg" ,
    "singer": "Capper" ,
    "audio_url": "http://music.163.com/song/media/outer/url?id=2026224214.mp3"
  },
  {
    "name": "我记得" ,
    "album": "署前街少年" ,
    "cover": "http://p4.music.126.net/FCWD6ibS2JK2B3QAnXuzwQ==/109951167805892385.jpg" ,
    "singer": "赵雷" ,
    "audio_url": "http://music.163.com/song/media/outer/url?id=1974443814.mp3"
  },
  {
    "name": "把回忆拼好给你" ,
    "album": "把回忆拼好给你" ,
    "cover": "http://p3.music.126.net/CBx2K_jEN3SNWwYztagPPw==/109951164485969446.jpg" ,
    "singer": "王贰浪" ,
    "audio_url": "http://music.163.com/song/media/outer/url?id=1403318151.mp3"
  },
  {
    "name": "精卫" ,
    "album": "丧失年轻，勿失年华" ,
    "cover": "http://p4.music.126.net/jSH_ikeooxveWl0BTc3Xkg==/109951166786983190.jpg" ,
    "singer": "30年前，50年后" ,
    "audio_url": "http://music.163.com/song/media/outer/url?id=1951069525.mp3"
  },
  {
    "name": "姑娘在远方" ,
    "album": "姑娘在远方" ,
    "cover": "http://p3.music.126.net/69MfQfl-rA0IwEuRSCEyNw==/109951168307420773.jpg" ,
    "singer": "柯柯柯啊" ,
    "audio_url": "http://music.163.com/song/media/outer/url?id=2022196813.mp3"
  },
  {
    "name": "我的美丽feat.海洋Bo" ,
    "album": "我的美丽feat.海洋Bo" ,
    "cover": "http://p4.music.126.net/8ZpCzo4gEeCAQyXAGYXKUQ==/109951167854450663.jpg" ,
    "singer": "海洋Bo" ,
    "audio_url": "http://music.163.com/song/media/outer/url?id=1979417838.mp3"
  },
  {
    "name": "可能" ,
    "album": "可能" ,
    "cover": "http://p4.music.126.net/Lk26KqRDPVbbhB4rQRGnPw==/109951167570919875.jpg" ,
    "singer": "程响" ,
    "audio_url": "http://music.163.com/song/media/outer/url?id=1950343972.mp3"
  },
  {
    "name": "苦茶子" ,
    "album": "埋汰" ,
    "cover": "http://p4.music.126.net/VjXYNoGC3lXajZDs0r35XQ==/109951167852652412.jpg" ,
    "singer": "Starling8" ,
    "audio_url": "http://music.163.com/song/media/outer/url?id=1922888354.mp3"
  },
  {
    "name": "在你的身边" ,
    "album": "在你的身边" ,
    "cover": "http://p4.music.126.net/AYNBdRxJ8EdZo4xFjp7b4Q==/109951163191178425.jpg" ,
    "singer": "盛哲" ,
    "audio_url": "http://music.163.com/song/media/outer/url?id=475479888.mp3"
  },
  {
    "name": "若把你" ,
    "album": "若把你" ,
    "cover": "http://p3.music.126.net/M877M2-VhWZiLPVFORf9iQ==/109951163401482434.jpg" ,
    "singer": "Kirsty刘瑾睿" ,
    "audio_url": "http://music.163.com/song/media/outer/url?id=865632948.mp3"
  },
  {
    "name": "唯一" ,
    "album": "运气来得若有似无" ,
    "cover": "http://p3.music.126.net/5URIeP6GjMFg_hKhGloNTA==/109951165585701063.jpg" ,
    "singer": "告五人" ,
    "audio_url": "http://music.163.com/song/media/outer/url?id=1807799505.mp3"
  },
  {
    "name": "乌梅子酱" ,
    "album": "纵横四海" ,
    "cover": "http://p4.music.126.net/dvBE3I5IYmDTmZq9SyKoRA==/109951168159576909.jpg" ,
    "singer": "李荣浩" ,
    "audio_url": "http://music.163.com/song/media/outer/url?id=1997438791.mp3"
  },
  {
    "name": "罗生门（Follow）" ,
    "album": "罗生门（Follow）" ,
    "cover": "http://p4.music.126.net/yN1ke1xYMJ718FiHaDWtYQ==/109951165076380471.jpg" ,
    "singer": "梨冻紧" ,
    "audio_url": "http://music.163.com/song/media/outer/url?id=1456890009.mp3"
  },
  {
    "name": "达尔文" ,
    "album": "JJ的咖啡调调, Vol. 2" ,
    "cover": "http://p4.music.126.net/4x-65bnidSKyEMDBmGtn8g==/109951168466764238.jpg" ,
    "singer": "林俊杰" ,
    "audio_url": "http://music.163.com/song/media/outer/url?id=2019573476.mp3"
  },
  {
    "name": "如果爱忘了" ,
    "album": "如果爱忘了" ,
    "cover": "http://p3.music.126.net/3rxX9wTHUFBBaT6Ud1tv5w==/109951168305751852.jpg" ,
    "singer": "王贰浪" ,
    "audio_url": "http://music.163.com/song/media/outer/url?id=2021373243.mp3"
  },
  {
    "name": "我们的歌" ,
    "album": "我们的歌" ,
    "cover": "http://p3.music.126.net/Gm2v1KrDe2TwplzxcmTxYg==/109951168428025131.jpg" ,
    "singer": "刘大拿" ,
    "audio_url": "http://music.163.com/song/media/outer/url?id=2025533834.mp3"
  },
  {
    "name": "哪里都是你" ,
    "album": "哪里都是你" ,
    "cover": "http://p3.music.126.net/lnOnBbP_H-052Hv5ls-QjA==/109951162964628408.jpg" ,
    "singer": "队长" ,
    "audio_url": "http://music.163.com/song/media/outer/url?id=488249475.mp3"
  },
  {
    "name": "还是会想你" ,
    "album": "还是会想你" ,
    "cover": "http://p4.music.126.net/9FhSEQtMhP-JP3_U84YfWQ==/109951165798773745.jpg" ,
    "singer": "林达浪" ,
    "audio_url": "http://music.163.com/song/media/outer/url?id=1827600686.mp3"
  },
  {
    "name": "爱人错过" ,
    "album": "我肯定在几百年前就说过爱你" ,
    "cover": "http://p4.music.126.net/5JLQMl8xASllDubCWb9WHw==/109951164111703663.jpg" ,
    "singer": "告五人" ,
    "audio_url": "http://music.163.com/song/media/outer/url?id=1368754688.mp3"
  },
  {
    "name": "BABYDOLL (Speed)" ,
    "album": "BABYDOLL (Speed)" ,
    "cover": "http://p3.music.126.net/jhjtPJ9HfOgX-G7MYl-yaQ==/109951167210282652.jpg" ,
    "singer": "Ari Abdul" ,
    "audio_url": "http://music.163.com/song/media/outer/url?id=1932769322.mp3"
  },
  {
    "name": "带我去找夜生活" ,
    "album": "带我去找夜生活" ,
    "cover": "http://p3.music.126.net/lmCtt6-3fOPSdA1uwGCY5Q==/109951164567402626.jpg" ,
    "singer": "告五人" ,
    "audio_url": "http://music.163.com/song/media/outer/url?id=1410647903.mp3"
  },
  {
    "name": "水星记" ,
    "album": "飞行器的执行周期" ,
    "cover": "http://p3.music.126.net/wSMfGvFzOAYRU_yVIfquAA==/2946691248081599.jpg" ,
    "singer": "郭顶" ,
    "audio_url": "http://music.163.com/song/media/outer/url?id=441491828.mp3"
  },
  {
    "name": "起风了" ,
    "album": "起风了" ,
    "cover": "http://p3.music.126.net/diGAyEmpymX8G7JcnElncQ==/109951163699673355.jpg" ,
    "singer": "买辣椒也用券" ,
    "audio_url": "http://music.163.com/song/media/outer/url?id=1330348068.mp3"
  },
  {
    "name": "声音" ,
    "album": "声音" ,
    "cover": "http://p3.music.126.net/eble6u8GXivcHyZ9PS6P0w==/109951168475709963.jpg" ,
    "singer": "YOUNG" ,
    "audio_url": "http://music.163.com/song/media/outer/url?id=2031085185.mp3"
  },
  {
    "name": "循迹" ,
    "album": "循迹" ,
    "cover": "http://p3.music.126.net/pwBA9COg9G8bUw0GOUlDzQ==/109951168271926504.jpg" ,
    "singer": "王子健" ,
    "audio_url": "http://music.163.com/song/media/outer/url?id=2018432856.mp3"
  },
  {
    "name": "就让这大雨全都落下" ,
    "album": "联名" ,
    "cover": "http://p3.music.126.net/8z_iZXGnImAXLFAFTbu0iw==/109951168296440959.jpg" ,
    "singer": "容祖儿" ,
    "audio_url": "http://music.163.com/song/media/outer/url?id=1984475097.mp3"
  },
  {
    "name": "乐园" ,
    "album": "乐园" ,
    "cover": "http://p4.music.126.net/mxMez2A64_vH6aisW7R4XQ==/109951168299426988.jpg" ,
    "singer": "沧桑CangSang" ,
    "audio_url": "http://music.163.com/song/media/outer/url?id=2021379728.mp3"
  },
  {
    "name": "落泪" ,
    "album": "落泪" ,
    "cover": "http://p4.music.126.net/iKUmW19ckfq3YEBP5l8U7w==/109951168306901774.jpg" ,
    "singer": "康熙" ,
    "audio_url": "http://music.163.com/song/media/outer/url?id=2021434589.mp3"
  },
  {
    "name": "Empty Love" ,
    "album": "Empty Love (feat. Kid Princess)" ,
    "cover": "http://p4.music.126.net/xrWSChs7pIOWFjOz5eQIzw==/109951164855840145.jpg" ,
    "singer": "Lulleaux" ,
    "audio_url": "http://music.163.com/song/media/outer/url?id=1435828582.mp3"
  },
  {
    "name": "精卫" ,
    "album": "精卫（戏腔）" ,
    "cover": "http://p4.music.126.net/DRAwf2g65M3a-0xLKQw9jw==/109951168527005053.jpg" ,
    "singer": "一颗狼星_许篮心" ,
    "audio_url": "http://music.163.com/song/media/outer/url?id=2019279516.mp3"
  },
  {
    "name": "忘不掉的你" ,
    "album": "忘不掉的你" ,
    "cover": "http://p3.music.126.net/4BCskpY6Rmm-QReHnY8W6Q==/109951166071009318.jpg" ,
    "singer": "h3R3" ,
    "audio_url": "http://music.163.com/song/media/outer/url?id=1851652156.mp3"
  },
  {
    "name": "すずめ feat.十明" ,
    "album": "すずめ feat.十明" ,
    "cover": "http://p3.music.126.net/jHIFF-TBXfG3hbh4IOnudQ==/109951167911814845.jpg" ,
    "singer": "RADWIMPS" ,
    "audio_url": "http://music.163.com/song/media/outer/url?id=1984758339.mp3"
  },
  {
    "name": "凄美地" ,
    "album": "飞行器的执行周期" ,
    "cover": "http://p4.music.126.net/wSMfGvFzOAYRU_yVIfquAA==/2946691248081599.jpg" ,
    "singer": "郭顶" ,
    "audio_url": "http://music.163.com/song/media/outer/url?id=436346833.mp3"
  },
  {
    "name": "golden hour" ,
    "album": "this is what ____ feels like (Vol. 1-4)" ,
    "cover": "http://p4.music.126.net/xKRQRZxEClE6653o7NbHiw==/109951167909857256.jpg" ,
    "singer": "JVKE" ,
    "audio_url": "http://music.163.com/song/media/outer/url?id=1958557540.mp3"
  },
  {
    "name": "アイドル" ,
    "album": "アイドル" ,
    "cover": "http://p3.music.126.net/4EQzPt4OaZraiSCRGpINwQ==/109951168506561762.jpg" ,
    "singer": "YOASOBI" ,
    "audio_url": "http://music.163.com/song/media/outer/url?id=2034742057.mp3"
  },
  {
    "name": "给你呀（又名：for ya）" ,
    "album": "for ya" ,
    "cover": "http://p4.music.126.net/GI1Ex39x73zBT-1r7_o-sQ==/109951165494781109.jpg" ,
    "singer": "蒋小呢" ,
    "audio_url": "http://music.163.com/song/media/outer/url?id=1497588709.mp3"
  },
  {
    "name": "多远都要在一起" ,
    "album": "新的心跳" ,
    "cover": "http://p4.music.126.net/kVwk6b8Qdya8oDyGDcyAVA==/1364493930777368.jpg" ,
    "singer": "G.E.M.邓紫棋" ,
    "audio_url": "http://music.163.com/song/media/outer/url?id=30612793.mp3"
  },
  {
    "name": "再等冬天(Memories)" ,
    "album": "故事商铺·上" ,
    "cover": "http://p3.music.126.net/7_58jxn4S4nzIs-D8nLQ5Q==/109951167578505822.jpg" ,
    "singer": "h3R3" ,
    "audio_url": "http://music.163.com/song/media/outer/url?id=1927693793.mp3"
  },
  {
    "name": "暖一杯茶" ,
    "album": "暖一杯茶" ,
    "cover": "http://p3.music.126.net/dAP3RXAs9dA73zNYz_3XSg==/109951164151547523.jpg" ,
    "singer": "邵帅" ,
    "audio_url": "http://music.163.com/song/media/outer/url?id=1371780785.mp3"
  },
  {
    "name": "是妈妈是女儿" ,
    "album": "是妈妈是女儿" ,
    "cover": "http://p4.music.126.net/YglUhn-RRq6KM7Dfm6VUZw==/109951168255550269.jpg" ,
    "singer": "黄绮珊" ,
    "audio_url": "http://music.163.com/song/media/outer/url?id=2016688503.mp3"
  },
  {
    "name": "晚风" ,
    "album": "晚风" ,
    "cover": "http://p3.music.126.net/lCblKUB1hLND5FxiVI1_Lw==/109951164919449758.jpg" ,
    "singer": "7copy" ,
    "audio_url": "http://music.163.com/song/media/outer/url?id=1441758494.mp3"
  },
  {
    "name": "Letting Go" ,
    "album": "说到爱" ,
    "cover": "http://p3.music.126.net/VTZde5VdBm_u2WH0Pc9HQQ==/109951165561227373.jpg" ,
    "singer": "蔡健雅" ,
    "audio_url": "http://music.163.com/song/media/outer/url?id=208891.mp3"
  },
  {
    "name": "如果呢" ,
    "album": "如果呢" ,
    "cover": "http://p4.music.126.net/-xMsNLpquZTmMZlIztTgHg==/109951165953469081.jpg" ,
    "singer": "郑润泽" ,
    "audio_url": "http://music.163.com/song/media/outer/url?id=1842728629.mp3"
  },
  {
    "name": "夏夜最后的烟火" ,
    "album": "夏夜最后的烟火" ,
    "cover": "http://p3.music.126.net/i1p1CCz6PaDF2Gs0RqKJBQ==/109951165349625690.jpg" ,
    "singer": "颜人中" ,
    "audio_url": "http://music.163.com/song/media/outer/url?id=1482867143.mp3"
  },
  {
    "name": "Letting Go" ,
    "album": "Letting Go" ,
    "cover": "http://p3.music.126.net/zmC73kE-LO370J4kjCZZyA==/109951167087160304.jpg" ,
    "singer": "刘大拿" ,
    "audio_url": "http://music.163.com/song/media/outer/url?id=1923184888.mp3"
  },
  {
    "name": "五百二十赫兹" ,
    "album": "五百二十赫兹" ,
    "cover": "http://p3.music.126.net/peHjsnZRas_ETuici04LwQ==/109951167437121908.jpg" ,
    "singer": "Capper" ,
    "audio_url": "http://music.163.com/song/media/outer/url?id=1948572170.mp3"
  },
  {
    "name": "11" ,
    "album": "11" ,
    "cover": "http://p4.music.126.net/zaLqUvz-C_H1u4n8-0MQcw==/109951166868150028.jpg" ,
    "singer": "队长" ,
    "audio_url": "http://music.163.com/song/media/outer/url?id=1907766514.mp3"
  },
  {
    "name": "小城夏天" ,
    "album": "小城夏天" ,
    "cover": "http://p3.music.126.net/wYuFxK1i_5jqs58xXQ-Jfg==/109951167350445378.jpg" ,
    "singer": "LBI利比" ,
    "audio_url": "http://music.163.com/song/media/outer/url?id=1934251776.mp3"
  },
  {
    "name": "Slow Down" ,
    "album": "Slow Down" ,
    "cover": "http://p3.music.126.net/d9d0ys74aC9tCfHtp6jcuA==/109951163975730949.jpg" ,
    "singer": "Madnap" ,
    "audio_url": "http://music.163.com/song/media/outer/url?id=1356658022.mp3"
  },
  {
    "name": "Daylight" ,
    "album": "Daylight" ,
    "cover": "http://p4.music.126.net/OjiWGpbpC80EbQgkxEayiA==/109951164152228527.jpg" ,
    "singer": "Seredris" ,
    "audio_url": "http://music.163.com/song/media/outer/url?id=1372188635.mp3"
  },
  {
    "name": "总有一天你会出现在我身边" ,
    "album": "一次有预谋的初次相遇" ,
    "cover": "http://p4.music.126.net/RfUHXkanpxImcaGqFNWBeA==/109951163598901405.jpg" ,
    "singer": "棱镜乐队" ,
    "audio_url": "http://music.163.com/song/media/outer/url?id=1303027499.mp3"
  },
  {
    "name": "Wake (Live)" ,
    "album": "Wake" ,
    "cover": "http://p4.music.126.net/Uo7OXdK3g4LQdc2hzJ14qQ==/109951166328143737.jpg" ,
    "singer": "Hillsong Young & Free" ,
    "audio_url": "http://music.163.com/song/media/outer/url?id=1873321491.mp3"
  },
  {
    "name": "一直很安静" ,
    "album": "一直很安静" ,
    "cover": "http://p3.music.126.net/d3P6hiIEDH4Gp9cApS5b3A==/109951167740623345.jpg" ,
    "singer": "王贰浪" ,
    "audio_url": "http://music.163.com/song/media/outer/url?id=1968781675.mp3"
  },
  {
    "name": "Shadow Of The Sun" ,
    "album": "Shadow Of The Sun" ,
    "cover": "http://p4.music.126.net/H2bN18Qj1nKhTJNMB0CY7w==/109951167799604909.jpg" ,
    "singer": "王OK" ,
    "audio_url": "http://music.163.com/song/media/outer/url?id=1968791360.mp3"
  },
  {
    "name": "最好的我" ,
    "album": "最好的我" ,
    "cover": "http://p3.music.126.net/C-g1ts0ttaPB6iVhx7vQkA==/109951167823958296.jpg" ,
    "singer": "刘大拿" ,
    "audio_url": "http://music.163.com/song/media/outer/url?id=1975753397.mp3"
  },
  {
    "name": "再见莫妮卡" ,
    "album": "再见莫妮卡" ,
    "cover": "http://p4.music.126.net/me6QV0CallEOlOP6Zb0b3w==/109951165770805050.jpg" ,
    "singer": "彭席彦" ,
    "audio_url": "http://music.163.com/song/media/outer/url?id=1824045033.mp3"
  },
  {
    "name": "拉过勾的" ,
    "album": "花吃泡面男" ,
    "cover": "http://p4.music.126.net/x-r68cAnC3yefRnibe9POg==/109951163077575462.jpg" ,
    "singer": "陆虎" ,
    "audio_url": "http://music.163.com/song/media/outer/url?id=26387325.mp3"
  },
  {
    "name": "天外来物" ,
    "album": "天外来物" ,
    "cover": "http://p3.music.126.net/MgH6SepYHboKPr6FR8yg-w==/109951167040040692.jpg" ,
    "singer": "薛之谦" ,
    "audio_url": "http://music.163.com/song/media/outer/url?id=1463165983.mp3"
  },
  {
    "name": "沉沦与遐想" ,
    "album": "沉沦与遐想" ,
    "cover": "http://p3.music.126.net/7BgLADW7ZJqPizR918S5UQ==/109951166179751996.jpg" ,
    "singer": "C.HØPE" ,
    "audio_url": "http://music.163.com/song/media/outer/url?id=1492584510.mp3"
  },
  {
    "name": "阳光开朗大男孩" ,
    "album": "阳光开朗大男孩" ,
    "cover": "http://p4.music.126.net/9ASwUTa66MK6z1WFLt3IEQ==/109951166623967637.jpg" ,
    "singer": "卦者灵风" ,
    "audio_url": "http://music.163.com/song/media/outer/url?id=1895164923.mp3"
  },
  {
    "name": "MOM" ,
    "album": "MOM" ,
    "cover": "http://p3.music.126.net/ZOkr1NI-WGGRuc5-G_7-CA==/109951164332837488.jpg" ,
    "singer": "蜡笔小心" ,
    "audio_url": "http://music.163.com/song/media/outer/url?id=1387581250.mp3"
  },
  {
    "name": "忏悔录" ,
    "album": "MOVE IN SILENCE" ,
    "cover": "http://p4.music.126.net/huYun8jQ5N5wKi2Rsa_YPw==/109951167757521194.jpg" ,
    "singer": "KKECHO" ,
    "audio_url": "http://music.163.com/song/media/outer/url?id=1970396862.mp3"
  },
  {
    "name": "形容" ,
    "album": "初遇" ,
    "cover": "http://p3.music.126.net/1iLwRvMtUMYLZUNR-HQW7Q==/109951163957708692.jpg" ,
    "singer": "沈以诚" ,
    "audio_url": "http://music.163.com/song/media/outer/url?id=1336856864.mp3"
  },
  {
    "name": "是你" ,
    "album": "是你" ,
    "cover": "http://p4.music.126.net/tESNzKJXbzyke4KKoKzm8w==/109951167704212151.jpg" ,
    "singer": "梦然" ,
    "audio_url": "http://music.163.com/song/media/outer/url?id=1966162185.mp3"
  },
  {
    "name": "予你" ,
    "album": "予你" ,
    "cover": "http://p3.music.126.net/yxVm_vRFOode6yP67NmMcA==/109951166625738075.jpg" ,
    "singer": "队长" ,
    "audio_url": "http://music.163.com/song/media/outer/url?id=1895330088.mp3"
  },
  {
    "name": "晚风心里吹" ,
    "album": "晚风心里吹" ,
    "cover": "http://p4.music.126.net/3w-ekH3z77-HvqOJ3fCPVw==/109951167297344637.jpg" ,
    "singer": "阿梨粤" ,
    "audio_url": "http://music.163.com/song/media/outer/url?id=1929370102.mp3"
  },
  {
    "name": "三拜红尘凉" ,
    "album": "三拜红尘凉" ,
    "cover": "http://p3.music.126.net/uuGMRSMzaULlWyGbG-99MQ==/109951167743445530.jpg" ,
    "singer": "尹昔眠" ,
    "audio_url": "http://music.163.com/song/media/outer/url?id=1969320038.mp3"
  },
  {
    "name": "致你" ,
    "album": "致你" ,
    "cover": "http://p4.music.126.net/VDmN2dNpIFu4gTv4bZe6KQ==/109951166254691365.jpg" ,
    "singer": "yihuik苡慧" ,
    "audio_url": "http://music.163.com/song/media/outer/url?id=1867217766.mp3"
  },
  {
    "name": "STAY" ,
    "album": "STAY" ,
    "cover": "http://p3.music.126.net/e5cvcdgeosDKTDrkTfZXnQ==/109951166155165682.jpg" ,
    "singer": "The Kid LAROI" ,
    "audio_url": "http://music.163.com/song/media/outer/url?id=1859245776.mp3"
  },
  {
    "name": "明天 (feat. 袁娅维TIA RAY)" ,
    "album": "冠军情歌" ,
    "cover": "http://p3.music.126.net/rYPlv-TJno4hbxEMT7se1Q==/109951168520849181.jpg" ,
    "singer": "马思唯" ,
    "audio_url": "http://music.163.com/song/media/outer/url?id=2036171786.mp3"
  },
  {
    "name": "还是分开" ,
    "album": "还是分开" ,
    "cover": "http://p4.music.126.net/tH5FdakJX47uy8mlM0GMWQ==/19218363741925314.jpg" ,
    "singer": "张叶蕾" ,
    "audio_url": "http://music.163.com/song/media/outer/url?id=465921195.mp3"
  },
  {
    "name": "初恋" ,
    "album": "初恋" ,
    "cover": "http://p3.music.126.net/4NJvc1HOi4uv7cs4501Bjg==/109951166324714668.jpg" ,
    "singer": "回春丹" ,
    "audio_url": "http://music.163.com/song/media/outer/url?id=1873049720.mp3"
  },
  {
    "name": "但" ,
    "album": "瓦合" ,
    "cover": "http://p3.music.126.net/I7iZevCpkwfCj75KrNUkLw==/109951168511501593.jpg" ,
    "singer": "草东没有派对" ,
    "audio_url": "http://music.163.com/song/media/outer/url?id=2035320743.mp3"
  },
  {
    "name": "想去海边" ,
    "album": "想去海边" ,
    "cover": "http://p4.music.126.net/sLWN-iePq4ESOMPER0IWgQ==/109951164602081973.jpg" ,
    "singer": "夏日入侵企画" ,
    "audio_url": "http://music.163.com/song/media/outer/url?id=1413863166.mp3"
  },
  {
    "name": "Normal No More" ,
    "album": "Normal No More" ,
    "cover": "http://p4.music.126.net/s3mKaXDECHZlxi43d7bkCA==/109951164905500417.jpg" ,
    "singer": "TYSM" ,
    "audio_url": "http://music.163.com/song/media/outer/url?id=1440570723.mp3"
  },
  {
    "name": "浪漫主义" ,
    "album": "浪漫主义" ,
    "cover": "http://p4.music.126.net/lFFiY-jvO1ENHtK2bZ6eUw==/109951166531420475.jpg" ,
    "singer": "姜云升" ,
    "audio_url": "http://music.163.com/song/media/outer/url?id=1887917182.mp3"
  },
  {
    "name": "All Girls Are The Same" ,
    "album": "All Girls Are The Same" ,
    "cover": "http://p4.music.126.net/di5piIGtE69x_8dv4NuV1g==/109951163244465319.jpg" ,
    "singer": "Juice WRLD" ,
    "audio_url": "http://music.163.com/song/media/outer/url?id=548823873.mp3"
  },
  {
    "name": "爱如火" ,
    "album": "爱如火" ,
    "cover": "http://p4.music.126.net/FsZ6-ZXZ0J9UcOC12W6z_w==/109951168074588339.jpg" ,
    "singer": "那艺娜" ,
    "audio_url": "http://music.163.com/song/media/outer/url?id=1999552137.mp3"
  },
  {
    "name": "孤勇者" ,
    "album": "孤勇者" ,
    "cover": "http://p4.music.126.net/aG5zqxkBRfLiV7A8W0iwgA==/109951166702962263.jpg" ,
    "singer": "陈奕迅" ,
    "audio_url": "http://music.163.com/song/media/outer/url?id=1901371647.mp3"
  },
  {
    "name": "悬溺" ,
    "album": "第二街区" ,
    "cover": "http://p4.music.126.net/CDhYcShQKH2VAMENuCxWWQ==/109951164166513349.jpg" ,
    "singer": "葛东琪" ,
    "audio_url": "http://music.163.com/song/media/outer/url?id=1397345903.mp3"
  },
  {
    "name": "The Best Of Me" ,
    "album": "Very Extra" ,
    "cover": "http://p4.music.126.net/MQ3gmAG-bv135HSC7BqeOw==/109951163705416566.jpg" ,
    "singer": "Dion Timmer" ,
    "audio_url": "http://music.163.com/song/media/outer/url?id=1329938686.mp3"
  },
  {
    "name": "桃花诺" ,
    "album": "上古情歌 电视剧原声带" ,
    "cover": "http://p4.music.126.net/_v7ezNPQOEJ3aFir8MZmzQ==/19050138463061697.jpg" ,
    "singer": "G.E.M.邓紫棋" ,
    "audio_url": "http://music.163.com/song/media/outer/url?id=480579393.mp3"
  },
  {
    "name": "谁 (Live版)" ,
    "album": "这个人创作LIVE现场辑" ,
    "cover": "http://p4.music.126.net/7HzttIveECGYRhAjKCCdfg==/109951163315608239.jpg" ,
    "singer": "廖俊涛" ,
    "audio_url": "http://music.163.com/song/media/outer/url?id=566436427.mp3"
  },
  {
    "name": "我们的歌" ,
    "album": "改变自己" ,
    "cover": "http://p4.music.126.net/lHab-TuxFpGuCCv661i7eg==/109951163095170102.jpg" ,
    "singer": "王力宏" ,
    "audio_url": "http://music.163.com/song/media/outer/url?id=25642952.mp3"
  },
  {
    "name": "特别的人" ,
    "album": "危险世界" ,
    "cover": "http://p3.music.126.net/RTB72JJJapo01l4XfVDAWQ==/109951166349819975.jpg" ,
    "singer": "方大同" ,
    "audio_url": "http://music.163.com/song/media/outer/url?id=28403111.mp3"
  },
  {
    "name": "梦醒" ,
    "album": "梦醒" ,
    "cover": "http://p4.music.126.net/y7pAmoz0YXgj8n1533H9Uw==/109951164409713563.jpg" ,
    "singer": "handsome lau" ,
    "audio_url": "http://music.163.com/song/media/outer/url?id=1395222212.mp3"
  },
  {
    "name": "紫荆花盛开" ,
    "album": "紫荆花盛开" ,
    "cover": "http://p3.music.126.net/R7yzr15Ftp4Mf59kTvy_uA==/109951167605022957.jpg" ,
    "singer": "李荣浩" ,
    "audio_url": "http://music.163.com/song/media/outer/url?id=1959528822.mp3"
  },
  {
    "name": "晚安" ,
    "album": "晚安" ,
    "cover": "http://p4.music.126.net/8N1fsMRm2L5HyZccc6I3ew==/109951164007377169.jpg" ,
    "singer": "颜人中" ,
    "audio_url": "http://music.163.com/song/media/outer/url?id=1359356908.mp3"
  },
  {
    "name": "Bones" ,
    "album": "Bones" ,
    "cover": "http://p3.music.126.net/qMyyzj5wO9oa9SfRebt6yA==/109951167137953001.jpg" ,
    "singer": "Imagine Dragons" ,
    "audio_url": "http://music.163.com/song/media/outer/url?id=1927389937.mp3"
  },
  {
    "name": "身骑白马 (Live版)" ,
    "album": "声生不息·宝岛季 第5期" ,
    "cover": "http://p4.music.126.net/iEdL_IAsaIRwNX10HtNsGg==/109951168540070885.jpg" ,
    "singer": "张杰" ,
    "audio_url": "http://music.163.com/song/media/outer/url?id=2038508476.mp3"
  },
  {
    "name": "谁" ,
    "album": "谁" ,
    "cover": "http://p3.music.126.net/vW3MIdTCHLBV1Gj3nWQczA==/109951168444393077.jpg" ,
    "singer": "王贰浪" ,
    "audio_url": "http://music.163.com/song/media/outer/url?id=2026812798.mp3"
  },
  {
    "name": "第三人称" ,
    "album": "第三人称" ,
    "cover": "http://p4.music.126.net/nOVxBaX0IG1PsV4WfSoodA==/109951164379891919.jpg" ,
    "singer": "买辣椒也用券" ,
    "audio_url": "http://music.163.com/song/media/outer/url?id=502043537.mp3"
  },
  {
    "name": "错位时空" ,
    "album": "错位时空" ,
    "cover": "http://p4.music.126.net/8C0lwLE88j9ZwLyPQ9a4FA==/109951165595770076.jpg" ,
    "singer": "艾辰" ,
    "audio_url": "http://music.163.com/song/media/outer/url?id=1808492017.mp3"
  },
  {
    "name": "骗子" ,
    "album": "骗子" ,
    "cover": "http://p3.music.126.net/yRuWG7ldyeCG4HaamvhQQw==/109951167606181094.jpg" ,
    "singer": "文夫" ,
    "audio_url": "http://music.163.com/song/media/outer/url?id=1924343459.mp3"
  },
  {
    "name": "最后一页" ,
    "album": "恋习" ,
    "cover": "http://p4.music.126.net/XvVUZQTCxmhjNOcfEnJYew==/109951163610134059.jpg" ,
    "singer": "江语晨" ,
    "audio_url": "http://music.163.com/song/media/outer/url?id=247936.mp3"
  },
  {
    "name": "再见" ,
    "album": "新的心跳" ,
    "cover": "http://p3.music.126.net/kVwk6b8Qdya8oDyGDcyAVA==/1364493930777368.jpg" ,
    "singer": "G.E.M.邓紫棋" ,
    "audio_url": "http://music.163.com/song/media/outer/url?id=36024806.mp3"
  },
  {
    "name": "与我无关" ,
    "album": "与我无关" ,
    "cover": "http://p4.music.126.net/x-jReyGkM5OTKUEtTqXGoA==/109951164597332931.jpg" ,
    "singer": "阿冗" ,
    "audio_url": "http://music.163.com/song/media/outer/url?id=1413585838.mp3"
  },
  {
    "name": "溯 (Reverse)" ,
    "album": "溯 (Reverse)" ,
    "cover": "http://p4.music.126.net/NTilljwKT_Hs9sLhBP1KKQ==/109951163416029067.jpg" ,
    "singer": "CORSAK胡梦周" ,
    "audio_url": "http://music.163.com/song/media/outer/url?id=1294951288.mp3"
  },
  {
    "name": "失语者" ,
    "album": "失语者" ,
    "cover": "http://p4.music.126.net/jgLldiqVBTcVtCL72YQycQ==/109951168150572289.jpg" ,
    "singer": "刘大拿" ,
    "audio_url": "http://music.163.com/song/media/outer/url?id=2006448864.mp3"
  },
  {
    "name": "Dehors" ,
    "album": "Dehors" ,
    "cover": "http://p3.music.126.net/WthcMxdZ8yWxqbT8-8nfKw==/109951168356159879.jpg" ,
    "singer": "JORDANN" ,
    "audio_url": "http://music.163.com/song/media/outer/url?id=1815725297.mp3"
  },
  {
    "name": "床" ,
    "album": "瓦合" ,
    "cover": "http://p3.music.126.net/I7iZevCpkwfCj75KrNUkLw==/109951168511501593.jpg" ,
    "singer": "草东没有派对" ,
    "audio_url": "http://music.163.com/song/media/outer/url?id=2035279723.mp3"
  },
  {
    "name": "红" ,
    "album": "When the world is came，take it！" ,
    "cover": "http://p3.music.126.net/G-inyKjA-jO5MuOuV3g7Pg==/109951167027986653.jpg" ,
    "singer": "罗言" ,
    "audio_url": "http://music.163.com/song/media/outer/url?id=1918576268.mp3"
  },
  {
    "name": "Players" ,
    "album": "Players" ,
    "cover": "http://p3.music.126.net/zq7suINv87vLIKd-Ww_sAg==/109951168104489456.jpg" ,
    "singer": "Coi Leray" ,
    "audio_url": "http://music.163.com/song/media/outer/url?id=2002926115.mp3"
  },
  {
    "name": "冠军情歌 (feat. 罗言)" ,
    "album": "冠军情歌" ,
    "cover": "http://p4.music.126.net/rYPlv-TJno4hbxEMT7se1Q==/109951168520849181.jpg" ,
    "singer": "马思唯" ,
    "audio_url": "http://music.163.com/song/media/outer/url?id=2036171787.mp3"
  },
  {
    "name": "So Far Away (Acoustic)" ,
    "album": "So Far Away (Acoustic)" ,
    "cover": "http://p4.music.126.net/8gAbFDUrd0Q8V8bDXT_RfQ==/109951168291209486.jpg" ,
    "singer": "Adam Christopher" ,
    "audio_url": "http://music.163.com/song/media/outer/url?id=1313584359.mp3"
  },
  {
    "name": "我知道" ,
    "album": "《比赛开始》影视原声" ,
    "cover": "http://p3.music.126.net/2k9Z1f4jFeUcRQM2m_E8iw==/109951166118947252.jpg" ,
    "singer": "By2" ,
    "audio_url": "http://music.163.com/song/media/outer/url?id=1430303185.mp3"
  },
  {
    "name": "危险派对" ,
    "album": "危险派对" ,
    "cover": "http://p4.music.126.net/GpnLproqUUyc4xmYKpRFcQ==/109951166516282895.jpg" ,
    "singer": "王以太" ,
    "audio_url": "http://music.163.com/song/media/outer/url?id=1877996649.mp3"
  },
  {
    "name": "漠河舞厅·2022" ,
    "album": "漠河舞厅·2022" ,
    "cover": "http://p4.music.126.net/m8BMzRWR53lMu2uaMYV2mA==/109951166609630672.jpg" ,
    "singer": "柳爽" ,
    "audio_url": "http://music.163.com/song/media/outer/url?id=1894094482.mp3"
  },
  {
    "name": "算了吧" ,
    "album": "算了吧" ,
    "cover": "http://p3.music.126.net/imN8WzDuirHVdFm4-E3ofA==/109951166871655381.jpg" ,
    "singer": "Aioz" ,
    "audio_url": "http://music.163.com/song/media/outer/url?id=1908049566.mp3"
  },
  {
    "name": "Nonsense" ,
    "album": "emails i can't send" ,
    "cover": "http://p4.music.126.net/YTHz6F8_xwVqmn-Ne0wX4Q==/109951167675002297.jpg" ,
    "singer": "Sabrina Carpenter" ,
    "audio_url": "http://music.163.com/song/media/outer/url?id=1964236604.mp3"
  },
  {
    "name": "他不懂" ,
    "album": "爱，不解释" ,
    "cover": "http://p4.music.126.net/mW53BkMgGy37I7yVrUg-aQ==/109951163117902077.jpg" ,
    "singer": "张杰" ,
    "audio_url": "http://music.163.com/song/media/outer/url?id=28059417.mp3"
  },
  {
    "name": "乌云" ,
    "album": "乌云" ,
    "cover": "http://p3.music.126.net/Iw1iMILd4ZSWG-Lm2XNlrA==/109951168434505533.jpg" ,
    "singer": "董唧唧" ,
    "audio_url": "http://music.163.com/song/media/outer/url?id=2009519825.mp3"
  },
  {
    "name": "就让这大雨全都落下" ,
    "album": "就让这大雨全都落下" ,
    "cover": "http://p4.music.126.net/vl7-imSenv69AQeoMulFfA==/109951168326085019.jpg" ,
    "singer": "郑润泽" ,
    "audio_url": "http://music.163.com/song/media/outer/url?id=2024035483.mp3"
  },
  {
    "name": "I Wish My Mind Would Shut Up" ,
    "album": "I Wish My Mind Would Shut Up" ,
    "cover": "http://p4.music.126.net/wjJpyZORT6ZKIhd5ZAvF-w==/109951168231895517.jpg" ,
    "singer": "Ivoris" ,
    "audio_url": "http://music.163.com/song/media/outer/url?id=1940074698.mp3"
  },
  {
    "name": "But U" ,
    "album": "But U" ,
    "cover": "http://p4.music.126.net/li19i75jz6GGOT79IyAjYA==/109951165100592039.jpg" ,
    "singer": "NINEONE#赵馨玥" ,
    "audio_url": "http://music.163.com/song/media/outer/url?id=1459232593.mp3"
  },
  {
    "name": "Bet On Me (Organic Version)" ,
    "album": "Bet On Me (feat. D Smoke) (Organic Version)" ,
    "cover": "http://p4.music.126.net/KxmRsYOXXrJfuUv_0wyPaQ==/109951167301321745.jpg" ,
    "singer": "Walk off the Earth" ,
    "audio_url": "http://music.163.com/song/media/outer/url?id=1938756186.mp3"
  },
  {
    "name": "Shootout X Yes to Heaven" ,
    "album": "Shootout X Yes to Heaven" ,
    "cover": "http://p4.music.126.net/RdT88eCaDpeOjvPFMkI_Uw==/109951168006090322.jpg" ,
    "singer": "Benatora" ,
    "audio_url": "http://music.163.com/song/media/outer/url?id=1993119056.mp3"
  },
  {
    "name": "PLAY" ,
    "album": "PLAY" ,
    "cover": "http://p3.music.126.net/299oa3tnVRmYZqjJW_cAew==/109951167657663894.jpg" ,
    "singer": "Ricii Lompeurs" ,
    "audio_url": "http://music.163.com/song/media/outer/url?id=1963132367.mp3"
  },
  {
    "name": "像我这样的人" ,
    "album": "平凡的一天" ,
    "cover": "http://p4.music.126.net/vmCcDvD1H04e9gm97xsCqg==/109951163350929740.jpg" ,
    "singer": "毛不易" ,
    "audio_url": "http://music.163.com/song/media/outer/url?id=569213220.mp3"
  },
  {
    "name": "命运" ,
    "album": "命运" ,
    "cover": "http://p3.music.126.net/mglql8_Dlg8JQw00nI1S4g==/109951167350673553.jpg" ,
    "singer": "粉太狼" ,
    "audio_url": "http://music.163.com/song/media/outer/url?id=1942041775.mp3"
  },
  {
    "name": "三国恋" ,
    "album": "三国恋" ,
    "cover": "http://p3.music.126.net/fw5f7Gifm_vCirn4Hdo2jQ==/109951167435417002.jpg" ,
    "singer": "王巨星" ,
    "audio_url": "http://music.163.com/song/media/outer/url?id=1947948874.mp3"
  },
  {
    "name": "我曾遇到一束光" ,
    "album": "我曾遇到一束光" ,
    "cover": "http://p4.music.126.net/vMpq9sPFSuvbMOkw804sXQ==/109951167956644774.jpg" ,
    "singer": "叶斯淳" ,
    "audio_url": "http://music.163.com/song/media/outer/url?id=1988532821.mp3"
  },
  {
    "name": "在那之后" ,
    "album": "在那之后" ,
    "cover": "http://p3.music.126.net/ZuJ6QoksVgpSzNzUxjk5XA==/109951168002270456.jpg" ,
    "singer": "缪礼丞" ,
    "audio_url": "http://music.163.com/song/media/outer/url?id=1992695240.mp3"
  },
  {
    "name": "鼓楼" ,
    "album": "无法长大" ,
    "cover": "http://p4.music.126.net/BJgUd9aD9gpougZFASRTTw==/18548761162235571.jpg" ,
    "singer": "赵雷" ,
    "audio_url": "http://music.163.com/song/media/outer/url?id=447926067.mp3"
  },
  {
    "name": "下雨天" ,
    "album": "下雨天" ,
    "cover": "http://p3.music.126.net/qRfggLX2Va3Wslqjr7FxSg==/109951164742550320.jpg" ,
    "singer": "与少年他" ,
    "audio_url": "http://music.163.com/song/media/outer/url?id=1426112587.mp3"
  },
  {
    "name": "你" ,
    "album": "你" ,
    "cover": "http://p4.music.126.net/OvnvQlFc8QSD7UnqtM9YYw==/109951164512103081.jpg" ,
    "singer": "郑润泽" ,
    "audio_url": "http://music.163.com/song/media/outer/url?id=1406083061.mp3"
  },
  {
    "name": "指纹" ,
    "album": "指纹" ,
    "cover": "http://p3.music.126.net/kT4AECoc13oVKLEg_-eFMA==/109951166578436098.jpg" ,
    "singer": "杜宣达" ,
    "audio_url": "http://music.163.com/song/media/outer/url?id=1887139866.mp3"
  },
  {
    "name": "武家坡2021" ,
    "album": "武家坡 2021" ,
    "cover": "http://p3.music.126.net/e4Y2PIsxMBbC1yx9WdbrxQ==/109951166577778160.jpg" ,
    "singer": "龍猛寺寬度" ,
    "audio_url": "http://music.163.com/song/media/outer/url?id=1891431677.mp3"
  },
  {
    "name": "Head In The Clouds" ,
    "album": "Changes - EP" ,
    "cover": "http://p3.music.126.net/NQ6pIqUwA0NdRh6szqyQsQ==/109951166421319018.jpg" ,
    "singer": "Hayd" ,
    "audio_url": "http://music.163.com/song/media/outer/url?id=1878812258.mp3"
  },
  {
    "name": "或许" ,
    "album": "或许" ,
    "cover": "http://p3.music.126.net/sgrLL9fmuaR9sOLFRAlDmw==/109951167631833377.jpg" ,
    "singer": "LBI利比" ,
    "audio_url": "http://music.163.com/song/media/outer/url?id=1958031074.mp3"
  },
  {
    "name": "In The Shadow Of The Sun" ,
    "album": "Growing Up In Public" ,
    "cover": "http://p4.music.126.net/v9vylpINJPbjjhfGdWd1Zw==/2534374302157990.jpg" ,
    "singer": "Professor Green" ,
    "audio_url": "http://music.163.com/song/media/outer/url?id=29412405.mp3"
  },
  {
    "name": "爱似水仙" ,
    "album": "爱似水仙" ,
    "cover": "http://p4.music.126.net/-ovkCOg-RI07lrgsnW3wYA==/109951167819332684.jpg" ,
    "singer": "苏星婕" ,
    "audio_url": "http://music.163.com/song/media/outer/url?id=1975589384.mp3"
  },
  {
    "name": "不将就" ,
    "album": "有理想" ,
    "cover": "http://p3.music.126.net/e-Uc6W3Kug-HFHJ5nvCUPg==/109951166562828988.jpg" ,
    "singer": "李荣浩" ,
    "audio_url": "http://music.163.com/song/media/outer/url?id=31654343.mp3"
  },
  {
    "name": "遐想" ,
    "album": "梦游" ,
    "cover": "http://p4.music.126.net/Ws93IUrJGR_lK-QEsdKTWw==/109951168408373477.jpg" ,
    "singer": "郑润泽" ,
    "audio_url": "http://music.163.com/song/media/outer/url?id=2018733994.mp3"
  },
  {
    "name": "簇拥烈日的花" ,
    "album": "簇拥烈日的花" ,
    "cover": "http://p4.music.126.net/116yF8yuMGoPCZne_Nb_sQ==/109951166635988818.jpg" ,
    "singer": "Morerare" ,
    "audio_url": "http://music.163.com/song/media/outer/url?id=1896178370.mp3"
  },
  {
    "name": "后来的我们" ,
    "album": "自传" ,
    "cover": "http://p4.music.126.net/lt4R_XbCZsT-yzRfWs9VfQ==/3434874331529456.jpg" ,
    "singer": "五月天" ,
    "audio_url": "http://music.163.com/song/media/outer/url?id=422104138.mp3"
  },
  {
    "name": "倒数" ,
    "album": "另一个童话" ,
    "cover": "http://p3.music.126.net/tXCIFsVDK6IKcQ9YWxwOEg==/109951163523944497.jpg" ,
    "singer": "G.E.M.邓紫棋" ,
    "audio_url": "http://music.163.com/song/media/outer/url?id=1299550532.mp3"
  },
  {
    "name": "那是你离开了北京的生活" ,
    "album": "怪咖" ,
    "cover": "http://p4.music.126.net/TOkRGd59o3hAOKsnMMmMMA==/109951163755246383.jpg" ,
    "singer": "薛之谦" ,
    "audio_url": "http://music.163.com/song/media/outer/url?id=571340283.mp3"
  },
  {
    "name": "你走以后1.0" ,
    "album": "你走以后1.0" ,
    "cover": "http://p3.music.126.net/n6_HOUCgBfk46D-9OCwyeQ==/109951164049623941.jpg" ,
    "singer": "王恩信Est" ,
    "audio_url": "http://music.163.com/song/media/outer/url?id=1363205817.mp3"
  },
  {
    "name": "Love Is Gone (Acoustic)" ,
    "album": "Love Is Gone (Acoustic)" ,
    "cover": "http://p3.music.126.net/E5JYsO4DR4_Y-CdidpUVCw==/109951164473460772.jpg" ,
    "singer": "SLANDER" ,
    "audio_url": "http://music.163.com/song/media/outer/url?id=1401671455.mp3"
  },
  {
    "name": "失眠飞行" ,
    "album": "失眠飞行" ,
    "cover": "http://p4.music.126.net/Bq6Io8lpY1l2HsQ28QKFlw==/109951164083996255.jpg" ,
    "singer": "接个吻，开一枪" ,
    "audio_url": "http://music.163.com/song/media/outer/url?id=1365898499.mp3"
  },
  {
    "name": "LOVE2" ,
    "album": "LOVE2" ,
    "cover": "http://p3.music.126.net/xwGGHqbvb2VxkCn4gxjeEQ==/109951168534798774.jpg" ,
    "singer": "YOUNG" ,
    "audio_url": "http://music.163.com/song/media/outer/url?id=2037756767.mp3"
  },
  {
    "name": "有些" ,
    "album": "失眠症候群" ,
    "cover": "http://p3.music.126.net/8DkTnzi7jdjWGYl4qbwLCg==/109951164517295956.jpg" ,
    "singer": "颜人中" ,
    "audio_url": "http://music.163.com/song/media/outer/url?id=1406649619.mp3"
  },
  {
    "name": "雨过天不晴" ,
    "album": "雨过天不晴" ,
    "cover": "http://p4.music.126.net/5bqKKSxhI2w-LCicrqZPvg==/109951168483915678.jpg" ,
    "singer": "柯柯柯啊" ,
    "audio_url": "http://music.163.com/song/media/outer/url?id=2031912194.mp3"
  },
  {
    "name": "想见你想见你想见你 (Live版)" ,
    "album": "声生不息·宝岛季 第1期" ,
    "cover": "http://p3.music.126.net/7C9M22jEr3W7VDQxTsjW7Q==/109951168469139967.jpg" ,
    "singer": "张杰" ,
    "audio_url": "http://music.163.com/song/media/outer/url?id=2030766928.mp3"
  },
  {
    "name": "迷失的季节" ,
    "album": "迷失的季节" ,
    "cover": "http://p3.music.126.net/iYah-AYtcAr3mD8crvwHhg==/109951168535716585.jpg" ,
    "singer": "SipSu小口酥" ,
    "audio_url": "http://music.163.com/song/media/outer/url?id=2037202513.mp3"
  },
  {
    "name": "会魔法的老人" ,
    "album": "健将mixtape" ,
    "cover": "http://p3.music.126.net/WP8O0ixZNwpm0fG6zymivQ==/109951167957001651.jpg" ,
    "singer": "法老" ,
    "audio_url": "http://music.163.com/song/media/outer/url?id=1988564487.mp3"
  },
  {
    "name": "他只是经过" ,
    "album": "他只是经过" ,
    "cover": "http://p4.music.126.net/wUog39IHoJb76pL0AVCFNQ==/109951165348116023.jpg" ,
    "singer": "h3R3" ,
    "audio_url": "http://music.163.com/song/media/outer/url?id=1443838552.mp3"
  },
  {
    "name": "风驶过的声音是" ,
    "album": "风驶过的声音是" ,
    "cover": "http://p4.music.126.net/oJTcKdL8aNEpgJz2il3l1w==/109951167886008547.jpg" ,
    "singer": "Zy" ,
    "audio_url": "http://music.163.com/song/media/outer/url?id=1982285682.mp3"
  },
  {
    "name": "可不可以" ,
    "album": "可不可以" ,
    "cover": "http://p4.music.126.net/WafK2OQfEtqXitdDXJ772Q==/109951163252847249.jpg" ,
    "singer": "张紫豪" ,
    "audio_url": "http://music.163.com/song/media/outer/url?id=553755659.mp3"
  },
  {
    "name": "帅特日记" ,
    "album": "帅特日记" ,
    "cover": "http://p4.music.126.net/PEpndrLpgjbC-9iD5zZIxA==/109951166962595376.jpg" ,
    "singer": "银河系长" ,
    "audio_url": "http://music.163.com/song/media/outer/url?id=1913874332.mp3"
  },
  {
    "name": "Die For You" ,
    "album": "Starboy" ,
    "cover": "http://p3.music.126.net/9i2hrhQfRPNbTWD6YVAQXg==/109951167103667631.jpg" ,
    "singer": "The Weeknd" ,
    "audio_url": "http://music.163.com/song/media/outer/url?id=442867526.mp3"
  },
  {
    "name": "Stay The Night" ,
    "album": "Stay The Night" ,
    "cover": "http://p3.music.126.net/NAnUfXkmhEa2AFewmrgKHA==/109951164193873399.jpg" ,
    "singer": "Just Kiddin" ,
    "audio_url": "http://music.163.com/song/media/outer/url?id=1376075781.mp3"
  },
  {
    "name": "As It Was" ,
    "album": "As It Was" ,
    "cover": "http://p4.music.126.net/lnR7Om_dQFwEw4mcljh0Wg==/109951167882388107.jpg" ,
    "singer": "PREP" ,
    "audio_url": "http://music.163.com/song/media/outer/url?id=1968869187.mp3"
  },
  {
    "name": "夏天的风" ,
    "album": "夏天的风" ,
    "cover": "http://p3.music.126.net/rFUKVdOjqxgwAT6Zi6qv7A==/109951164906689206.jpg" ,
    "singer": "火羊瞌睡了" ,
    "audio_url": "http://music.163.com/song/media/outer/url?id=1436709403.mp3"
  },
  {
    "name": "Time Stop" ,
    "album": "PEBBLE" ,
    "cover": "http://p4.music.126.net/KfPeaOd-7FNWHbNFvFJTPA==/109951168460994595.jpg" ,
    "singer": "BlackDD" ,
    "audio_url": "http://music.163.com/song/media/outer/url?id=1992712131.mp3"
  },
  {
    "name": "我的爱如烈火" ,
    "album": "我的爱如烈火" ,
    "cover": "http://p3.music.126.net/MVtaJIb767pJSctPaI8K0w==/109951168440367988.jpg" ,
    "singer": "xxxmiracle" ,
    "audio_url": "http://music.163.com/song/media/outer/url?id=2024654768.mp3"
  },
  {
    "name": "爱如火" ,
    "album": "爱如火" ,
    "cover": "http://p4.music.126.net/2IcCZww_MV9M-v4h1wXMeQ==/109951168381402661.jpg" ,
    "singer": "一只瓜瓜" ,
    "audio_url": "http://music.163.com/song/media/outer/url?id=2021849994.mp3"
  },
  {
    "name": "删了吧" ,
    "album": "删了吧" ,
    "cover": "http://p4.music.126.net/nNg4YjkcK1AwCX1FrN8VOQ==/109951166578333625.jpg" ,
    "singer": "烟(许佳豪)" ,
    "audio_url": "http://music.163.com/song/media/outer/url?id=1891469546.mp3"
  },
  {
    "name": "世间美好与你环环相扣" ,
    "album": "听闻余生" ,
    "cover": "http://p4.music.126.net/DK1_4sP_339o5rowMdPXdw==/109951164071024476.jpg" ,
    "singer": "柏松" ,
    "audio_url": "http://music.163.com/song/media/outer/url?id=1363948882.mp3"
  },
  {
    "name": "BABYDOLL" ,
    "album": "BABYDOLL" ,
    "cover": "http://p3.music.126.net/DL0wQx0nvqtEDRk6UTR_Tw==/109951167195846340.jpg" ,
    "singer": "Ari Abdul" ,
    "audio_url": "http://music.163.com/song/media/outer/url?id=1914893736.mp3"
  },
  {
    "name": "热恋情节" ,
    "album": "热恋情节" ,
    "cover": "http://p4.music.126.net/WK90cxaVhfAXYgYZznU_lw==/109951167899063910.jpg" ,
    "singer": "吴子健REmi" ,
    "audio_url": "http://music.163.com/song/media/outer/url?id=1973046704.mp3"
  },
  {
    "name": "最后一页（完整版）" ,
    "album": "最后一页" ,
    "cover": "http://p4.music.126.net/5ea2ojVfB0kW4dyi-edpXw==/109951167184544287.jpg" ,
    "singer": "洛尘鞅_" ,
    "audio_url": "http://music.163.com/song/media/outer/url?id=445154140.mp3"
  },
  {
    "name": "迷宫" ,
    "album": "迷宫" ,
    "cover": "http://p4.music.126.net/KA4OfYKYT1b_3W94CIrwDg==/109951168500881027.jpg" ,
    "singer": "step.jad依加" ,
    "audio_url": "http://music.163.com/song/media/outer/url?id=2033897126.mp3"
  },
  {
    "name": "东京不太热" ,
    "album": "热门华语281" ,
    "cover": "http://p4.music.126.net/cpoUinrExafBHL5Nv5iDHQ==/109951166361218466.jpg" ,
    "singer": "封茗囧菌" ,
    "audio_url": "http://music.163.com/song/media/outer/url?id=34723470.mp3"
  },
  {
    "name": "One More Last Time" ,
    "album": "One More Last Time" ,
    "cover": "http://p4.music.126.net/di-NG0KHl69rpVp3j_7zAA==/109951167353439243.jpg" ,
    "singer": "Henry Young" ,
    "audio_url": "http://music.163.com/song/media/outer/url?id=1942576027.mp3"
  },
  {
    "name": "回答" ,
    "album": "回答" ,
    "cover": "http://p3.music.126.net/mZQ8d3zO-g4MDKGmudIk2w==/109951168029326546.jpg" ,
    "singer": "YOUNG" ,
    "audio_url": "http://music.163.com/song/media/outer/url?id=1994863874.mp3"
  },
  {
    "name": "年少有为" ,
    "album": "耳朵" ,
    "cover": "http://p3.music.126.net/tt8xwK-ASC2iqXNUXYKoDQ==/109951163606377163.jpg" ,
    "singer": "李荣浩" ,
    "audio_url": "http://music.163.com/song/media/outer/url?id=1293886117.mp3"
  },
  {
    "name": "浪漫血液" ,
    "album": "新地球 - 人 (Special Edition)" ,
    "cover": "http://p3.music.126.net/QXZRckFTN5375vdQSyG0jA==/109951166919095160.jpg" ,
    "singer": "林俊杰" ,
    "audio_url": "http://music.163.com/song/media/outer/url?id=29850683.mp3"
  },
  {
    "name": "入秋" ,
    "album": "RamLife1" ,
    "cover": "http://p3.music.126.net/UyUrqSp-GzCsqWgNm4F44Q==/109951165005286070.jpg" ,
    "singer": "RAMBO GANG" ,
    "audio_url": "http://music.163.com/song/media/outer/url?id=1477144603.mp3"
  },
  {
    "name": "断线" ,
    "album": "断线" ,
    "cover": "http://p4.music.126.net/W-4b64hCb_s8OAGROQXgig==/109951162995598984.jpg" ,
    "singer": "Shang" ,
    "audio_url": "http://music.163.com/song/media/outer/url?id=496370620.mp3"
  },
  {
    "name": "海底" ,
    "album": "海底" ,
    "cover": "http://p4.music.126.net/YRFYXG6YaJfTyy_mQntS4A==/109951164799337803.jpg" ,
    "singer": "一支榴莲" ,
    "audio_url": "http://music.163.com/song/media/outer/url?id=1430583016.mp3"
  },
  {
    "name": "大眠 (完整版)" ,
    "album": "大眠 (完整版)" ,
    "cover": "http://p4.music.126.net/zgDvTPDSYKjQUjkV8sQUOA==/109951164605092552.jpg" ,
    "singer": "小乐哥（王唯乐）" ,
    "audio_url": "http://music.163.com/song/media/outer/url?id=1413142894.mp3"
  },
  {
    "name": "消愁" ,
    "album": "平凡的一天" ,
    "cover": "http://p3.music.126.net/vmCcDvD1H04e9gm97xsCqg==/109951163350929740.jpg" ,
    "singer": "毛不易" ,
    "audio_url": "http://music.163.com/song/media/outer/url?id=569200213.mp3"
  },
  {
    "name": "孤雏" ,
    "album": "孤雏" ,
    "cover": "http://p4.music.126.net/1plA3qURt0VPElgnaTRg2w==/18302470556355853.jpg" ,
    "singer": "AGA" ,
    "audio_url": "http://music.163.com/song/media/outer/url?id=421486605.mp3"
  },
  {
    "name": "再见我的女孩" ,
    "album": "再见我的女孩" ,
    "cover": "http://p4.music.126.net/ajlhLC7unjGJqMhMrMi7tQ==/109951168079007904.jpg" ,
    "singer": "烟(许佳豪)" ,
    "audio_url": "http://music.163.com/song/media/outer/url?id=1992338319.mp3"
  },
  {
    "name": "兄妹" ,
    "album": "兄妹" ,
    "cover": "http://p4.music.126.net/MuQRtCqHYY8gqTTuyiDqew==/109951167425158019.jpg" ,
    "singer": "刘大拿" ,
    "audio_url": "http://music.163.com/song/media/outer/url?id=1947208581.mp3"
  },
  {
    "name": "呓语" ,
    "album": "小王" ,
    "cover": "http://p3.music.126.net/XPPeIZu7wgcGXZ0666mfFg==/109951164640697307.jpg" ,
    "singer": "毛不易" ,
    "audio_url": "http://music.163.com/song/media/outer/url?id=1417862046.mp3"
  },
  {
    "name": "我看了56次日落" ,
    "album": "有人爱 有期待" ,
    "cover": "http://p4.music.126.net/1yXSsUxQM7bzkQ1trnkacw==/109951168067675793.jpg" ,
    "singer": "邵甲天" ,
    "audio_url": "http://music.163.com/song/media/outer/url?id=1930608504.mp3"
  },
  {
    "name": "So Far Away" ,
    "album": "So Far Away" ,
    "cover": "http://p4.music.126.net/bDdwz0zd-BGYpel1QEU2RA==/109951165983886039.jpg" ,
    "singer": "Martin Garrix" ,
    "audio_url": "http://music.163.com/song/media/outer/url?id=521416693.mp3"
  },
  {
    "name": "最佳损友" ,
    "album": "Life Continues…" ,
    "cover": "http://p3.music.126.net/AAKrMZu-zyunLRqAMO9JlA==/109951166577890720.jpg" ,
    "singer": "陈奕迅" ,
    "audio_url": "http://music.163.com/song/media/outer/url?id=65800.mp3"
  },
  {
    "name": "一格格" ,
    "album": "一格格" ,
    "cover": "http://p4.music.126.net/XdCRvzAPF0cnz35Aut9xOw==/109951165887949956.jpg" ,
    "singer": "傲七爷" ,
    "audio_url": "http://music.163.com/song/media/outer/url?id=1836117930.mp3"
  },
  {
    "name": "红色高跟鞋" ,
    "album": "若你碰到他" ,
    "cover": "http://p3.music.126.net/jJOaqlez9x5VofjgB7B_Bw==/109951166195459631.jpg" ,
    "singer": "蔡健雅" ,
    "audio_url": "http://music.163.com/song/media/outer/url?id=208902.mp3"
  },
  {
    "name": "泡沫" ,
    "album": "FORBIDDEN SPACE" ,
    "cover": "http://p3.music.126.net/-mrB7euJ09Fazbu85R6wgQ==/109951164764975405.jpg" ,
    "singer": "Swang多雷" ,
    "audio_url": "http://music.163.com/song/media/outer/url?id=518682659.mp3"
  },
  {
    "name": "如果爱忘了" ,
    "album": "如果爱忘了" ,
    "cover": "http://p3.music.126.net/VZuGgZec3_mBy6_hbr7Ueg==/109951164795894662.jpg" ,
    "singer": "戚薇" ,
    "audio_url": "http://music.163.com/song/media/outer/url?id=285321.mp3"
  },
  {
    "name": "Uh (feat.马思唯/PSY.P/Melo)" ,
    "album": "LONG TIME KNOW SEE" ,
    "cover": "http://p3.music.126.net/iIZUxYR4bQrmnIRfj6OCsw==/109951168030252959.jpg" ,
    "singer": "KnowKnow" ,
    "audio_url": "http://music.163.com/song/media/outer/url?id=1995496604.mp3"
  },
  {
    "name": "我的名字" ,
    "album": "我的名字" ,
    "cover": "http://p3.music.126.net/Ppzb5LV4l9R-yki1BQQB0A==/109951166267072680.jpg" ,
    "singer": "焦迈奇" ,
    "audio_url": "http://music.163.com/song/media/outer/url?id=554241732.mp3"
  },
  {
    "name": "梦里花" ,
    "album": "梦里花" ,
    "cover": "http://p4.music.126.net/aiEuF1LOMM0iYNWt4FIEYA==/109951168133839484.jpg" ,
    "singer": "苏星婕" ,
    "audio_url": "http://music.163.com/song/media/outer/url?id=2005574298.mp3"
  },
  {
    "name": "一格格" ,
    "album": "一格格" ,
    "cover": "http://p4.music.126.net/W0RFwmwhA_HP9dEc9zwx2g==/109951163704640590.jpg" ,
    "singer": "卫兰" ,
    "audio_url": "http://music.163.com/song/media/outer/url?id=475277350.mp3"
  },
  {
    "name": "MISTAKE" ,
    "album": "无限" ,
    "cover": "http://p4.music.126.net/HYI1lrng-LoQZMdgG1BeIw==/109951168320820503.jpg" ,
    "singer": "TOYOKI" ,
    "audio_url": "http://music.163.com/song/media/outer/url?id=2021543605.mp3"
  },
  {
    "name": "山楂树之恋" ,
    "album": "山楂树之恋 (完整版)" ,
    "cover": "http://p4.music.126.net/G00sAe86sPi5gFQyuJHU7A==/109951164260611202.jpg" ,
    "singer": "程佳佳" ,
    "audio_url": "http://music.163.com/song/media/outer/url?id=1381755293.mp3"
  },
  {
    "name": "Once Upon a Time" ,
    "album": "Once Upon a Time (feat. Moonessa)" ,
    "cover": "http://p4.music.126.net/Ih0GQRKYyd_yRaWa-jwmVA==/109951167480965715.jpg" ,
    "singer": "Max Oazo" ,
    "audio_url": "http://music.163.com/song/media/outer/url?id=1299570939.mp3"
  },
  {
    "name": "Leyla" ,
    "album": "Leyla" ,
    "cover": "http://p3.music.126.net/TSEoI3JI2h8Srx1swi6zGw==/109951168468947074.jpg" ,
    "singer": "Salim Seper" ,
    "audio_url": "http://music.163.com/song/media/outer/url?id=2030296585.mp3"
  },
  {
    "name": "人间烟火" ,
    "album": "人间烟火" ,
    "cover": "http://p4.music.126.net/v0V_wIobKIvP946B0hysjQ==/109951167165571077.jpg" ,
    "singer": "程响" ,
    "audio_url": "http://music.163.com/song/media/outer/url?id=1929363849.mp3"
  },
  {
    "name": "命运" ,
    "album": "《兰陵王》电视剧原声带" ,
    "cover": "http://p3.music.126.net/1USYo3_M3ACl9Sipo6ogJw==/109951168146523628.jpg" ,
    "singer": "家家" ,
    "audio_url": "http://music.163.com/song/media/outer/url?id=27591236.mp3"
  },
  {
    "name": "素颜" ,
    "album": "素颜" ,
    "cover": "http://p4.music.126.net/LMyITvYRS7NsgA9lYUKpqg==/109951164179134667.jpg" ,
    "singer": "许嵩" ,
    "audio_url": "http://music.163.com/song/media/outer/url?id=167827.mp3"
  },
  {
    "name": "群青" ,
    "album": "群青" ,
    "cover": "http://p4.music.126.net/sF9I_mKMVNtsCD-ZXzfV_A==/109951165251958014.jpg" ,
    "singer": "YOASOBI" ,
    "audio_url": "http://music.163.com/song/media/outer/url?id=1472480890.mp3"
  },
  {
    "name": "佤咖啡" ,
    "album": "佤咖啡" ,
    "cover": "http://p3.music.126.net/zAgRwbhwdU_xhASpLXRuyA==/109951168307007939.jpg" ,
    "singer": "王云宏" ,
    "audio_url": "http://music.163.com/song/media/outer/url?id=2022147586.mp3"
  },
  {
    "name": "Star (反方向的钟)" ,
    "album": "Star (反方向的钟)" ,
    "cover": "http://p4.music.126.net/6-F8k6AuCnsvMjDNKYHriw==/109951166677305699.jpg" ,
    "singer": "XMASwu(吴骜)" ,
    "audio_url": "http://music.163.com/song/media/outer/url?id=1899705498.mp3"
  },
  {
    "name": "寂寞烟火" ,
    "album": "寂寞烟火" ,
    "cover": "http://p4.music.126.net/nLthtItDtedU7BQepetdmQ==/109951168222803633.jpg" ,
    "singer": "王贰浪" ,
    "audio_url": "http://music.163.com/song/media/outer/url?id=2013101914.mp3"
  }
]